technology_id,set_id
7,1
7,2
7,3
2,4
7,4
12,4
117,4
124,4
73,5
74,6
75,7
95,8
96,9
75,17
86,18
95,19
114,19
79,20
2,26
73,27
74,28
75,29
85,30
86,30
91,31
95,32
7,36
7,37
7,38
7,39
9,41
112,41
80,43
137,44
90,45
101,46
139,47
120,48
7,49
112,49
7,50
7,51
112,51
7,52
112,52
73,56
74,56
75,56
111,56
79,57
85,58
7,59
12,61
79,63
101,64
7,71
110,76
80,77
85,77
86,77
90,77
100,77
101,77
108,77
110,77
126,77
139,77
108,81
5,83
7,83
8,83
2,84
5,84
6,84
2,85
5,85
6,85
7,86
7,87
8,88
8,89
12,90
73,90
75,90
77,90
79,90
80,90
81,90
83,90
84,90
85,90
86,90
91,90
94,90
95,90
101,90
111,90
112,90
126,90
137,90
138,90
73,93
74,93
75,93
79,94
76,95
91,95
79,98
85,99
96,100
95,101
114,101
73,106
75,106
76,107
9,109
18,109
121,109
124,109
73,111
79,113
14,118
88,118
111,118
74,119
75,119
79,119
80,119
82,119
83,119
84,119
85,119
86,119
88,119
93,119
94,119
95,119
96,119
99,119
100,119
101,119
111,119
120,119
135,119
137,119
138,119
139,119
79,120
80,120
81,120
82,120
83,120
84,120
85,120
86,120
88,120
91,120
92,120
93,120
94,120
95,120
96,120
98,120
99,120
110,120
111,120
113,120
137,120
2,122
5,122
112,122
83,124
84,125
120,126
139,127
101,128
82,129
80,130
14,131
75,132
80,133
111,134
7,135
9,135
117,135
118,135
7,136
7,137
2,138
7,140
9,140
117,140
118,140
7,141
9,141
117,141
118,141
14,142
4,143
5,143
7,143
8,143
9,143
10,143
18,143
112,143
117,143
12,144
94,147
136,149
95,150
80,152
111,153
80,154
82,154
83,154
84,154
85,154
86,154
100,154
107,154
110,154
112,154
7,155
112,155
7,156
112,156
111,158
2,160
7,161
7,162
2,164
2,165
2,166
112,166
7,167
7,168
2,171
5,171
6,171
24,171
112,171
2,172
5,172
6,172
24,172
112,172
2,173
7,174
99,174
112,174
110,179
85,180
86,180
80,182
81,182
109,183
2,184
112,184
7,185
112,185
2,186
112,186
7,187
2,188
7,189
112,189
7,190
112,190
7,191
7,192
7,193
8,193
4,194
5,194
7,194
8,194
9,194
18,194
112,194
117,194
118,194
124,194
4,195
5,195
7,195
8,195
9,195
18,195
112,195
117,195
118,195
124,195
4,198
8,198
117,198
208,198
12,220
85,221
12,223
85,223
7,225
2,226
8,228
117,228
14,229
15,230
124,230
7,231
73,232
76,235
86,236
79,238
137,239
7,243
117,243
118,243
12,248
73,249
85,250
74,251
75,252
76,253
86,254
100,255
80,257
110,258
7,260
117,260
118,260
12,261
83,263
2,264
7,264
2,265
7,265
7,267
7,268
7,269
8,269
10,269
9,270
18,270
124,270
7,271
8,271
10,271
9,272
18,272
124,272
2,284
3,284
7,284
8,284
9,284
12,284
112,284
113,284
117,284
125,284
73,285
75,286
74,287
86,289
73,292
74,293
75,294
76,295
85,296
86,297
100,323
101,324
110,325
1,342
2,342
3,342
5,342
6,342
9,342
10,342
12,342
24,342
117,342
119,342
4,343
8,343
9,343
10,343
12,343
18,343
119,343
4,344
7,344
8,344
9,344
4,346
5,346
7,346
8,346
9,346
10,346
14,346
18,346
117,346
118,346
4,347
5,347
7,347
8,347
9,347
10,347
14,347
18,347
117,347
118,347
8,350
117,350
1,351
2,351
3,351
7,351
24,351
7,352
3,356
2,358
4,358
5,358
7,358
8,358
23,358
80,358
110,358
125,358
2,359
3,359
7,359
12,359
14,360
14,361
14,362
7,363
8,363
9,363
18,363
121,363
109,364
7,372
73,374
79,375
95,376
96,377
97,381
12,394
79,395
85,396
79,400
83,401
84,402
89,403
91,404
92,405
12,406
85,407
86,409
101,410
82,411
7,414
91,415
1,431
2,431
4,431
7,431
117,431
2,432
4,432
5,432
7,432
8,432
9,432
12,432
118,432
119,432
4,434
5,434
6,434
7,434
8,434
9,434
10,434
13,434
15,434
18,434
117,434
121,434
124,434
137,445
7,447
7,448
7,450
9,451
14,451
87,451
7,458
7,459
7,461
7,468
7,469
94,470
95,470
96,470
109,470
110,470
7,471
2,472
4,474
7,474
8,474
9,474
10,474
117,474
118,474
94,475
95,475
109,475
7,476
117,477
2,478
7,484
117,484
118,484
2,487
7,487
7,488
7,489
7,490
7,491
7,492
7,493
117,493
7,494
85,495
7,501
7,502
9,505
2,508
73,509
76,512
79,514
83,515
84,515
85,516
91,518
138,519
137,520
7,521
2,540
7,541
8,545
9,545
13,545
18,545
121,545
5,546
7,546
12,547
73,548
74,549
75,550
76,551
79,552
91,553
12,556
79,559
83,560
73,563
76,563
79,565
8,568
9,568
13,568
18,568
121,568
5,569
7,569
79,579
138,580
83,581
84,582
95,583
100,595
101,596
110,597
126,598
85,609
109,610
100,623
110,624
79,628
91,629
95,630
109,631
7,632
7,633
7,634
110,646
12,652
73,653
83,654
91,655
75,656
76,664
86,664
80,666
137,666
83,668
79,669
85,669
86,670
84,676
92,676
95,676
108,676
109,676
111,676
139,676
8,692
9,692
117,692
121,692
1,693
3,693
2,694
24,694
12,695
7,696
8,696
9,696
10,696
14,696
121,696
1,697
2,697
3,697
5,697
6,697
7,697
8,697
9,697
10,697
12,697
14,697
18,697
23,697
24,697
117,697
118,697
119,697
121,697
1,698
2,698
3,698
5,698
6,698
7,698
8,698
9,698
10,698
12,698
14,698
18,698
23,698
24,698
117,698
118,698
119,698
121,698
12,699
79,700
94,701
73,703
74,704
75,705
79,706
86,707
137,708
80,709
91,710
96,711
73,712
74,713
75,714
79,715
85,716
86,717
91,718
95,719
96,720
100,721
101,722
12,723
79,724
82,725
86,726
101,727
73,728
74,729
73,734
74,735
75,736
100,737
101,738
100,739
101,740
5,743
7,743
5,744
7,744
79,746
83,747
84,748
91,749
96,750
86,751
75,752
73,753
74,754
85,755
101,756
95,757
7,758
7,759
7,760
91,761
84,762
83,763
83,766
84,766
96,768
79,771
85,772
94,773
109,776
83,779
83,795
79,804
95,805
84,806
94,807
89,809
83,820
79,821
91,822
86,824
12,825
85,826
79,840
96,842
91,843
83,845
84,845
79,846
85,846
95,847
96,848
91,849
109,850
83,857
84,857
96,859
95,860
94,861
93,863
74,864
83,865
95,866
120,867
111,868
2,876
3,876
4,876
5,876
6,876
7,876
8,876
12,876
13,876
14,876
15,876
19,876
117,876
119,876
124,876
134,876
207,876
208,876
73,887
109,950
86,964
85,965
12,966
79,967
100,968
12,978
73,979
75,980
79,981
82,982
86,982
101,985
12,987
85,987
86,987
91,991
111,992
114,992
96,993
2,994
79,994
94,995
12,1007
85,1008
86,1009
91,1010
79,1011
80,1022
85,1023
86,1023
95,1024
85,1025
79,1026
85,1026
96,1027
114,1028
85,1029
96,1030
114,1031
7,1032
2,1043
2,1044
2,1045
110,1055
126,1056
73,1057
76,1058
74,1059
85,1060
75,1061
137,1062
73,1069
79,1070
137,1073
7,1074
80,1075
109,1076
85,1077
114,1078
8,1080
83,1086
91,1088
85,1089
79,1091
117,1094
118,1094
12,1095
73,1096
74,1096
75,1096
76,1096
86,1096
85,1097
86,1098
2,1103
12,1110
85,1111
79,1113
12,1115
85,1116
79,1117
2,1121
24,1121
75,1122
1,1128
2,1128
3,1128
7,1128
8,1128
4,1129
5,1129
7,1129
8,1129
10,1129
117,1129
1,1130
2,1130
3,1130
7,1130
8,1130
9,1130
113,1130
1,1132
2,1132
3,1132
7,1132
8,1132
9,1132
14,1132
78,1132
79,1132
80,1132
81,1132
82,1132
83,1132
84,1132
85,1132
86,1132
88,1132
91,1132
92,1132
93,1132
94,1132
95,1132
96,1132
97,1132
99,1132
111,1132
80,1133
137,1133
12,1134
79,1134
80,1134
83,1134
85,1134
86,1134
94,1134
95,1134
96,1134
97,1134
99,1134
111,1134
113,1134
135,1134
85,1156
94,1157
86,1162
85,1163
96,1166
94,1167
85,1168
86,1168
82,1169
12,1170
2,1171
111,1171
81,1172
91,1172
95,1172
111,1172
7,1173
7,1174
12,1175
119,1175
1,1176
2,1176
3,1176
4,1176
7,1176
8,1176
9,1176
12,1176
117,1176
118,1176
119,1176
124,1176
79,1181
138,1181
84,1182
95,1183
91,1184
83,1185
4,1186
5,1186
7,1186
8,1186
9,1186
18,1186
117,1186
118,1186
124,1186
4,1187
5,1187
7,1187
8,1187
9,1187
18,1187
117,1187
118,1187
124,1187
1,1188
2,1188
3,1188
4,1188
5,1188
6,1188
7,1188
8,1188
9,1188
12,1188
13,1188
18,1188
24,1188
117,1188
118,1188
119,1188
124,1188
92,1192
114,1193
96,1194
80,1195
73,1197
80,1199
85,1200
86,1202
85,1204
95,1205
96,1206
109,1207
79,1208
91,1209
75,1210
73,1211
94,1212
94,1213
95,1213
96,1213
204,1213
94,1214
95,1214
96,1214
7,1222
85,1222
93,1222
94,1222
95,1222
96,1222
97,1222
86,1223
86,1224
95,1225
83,1231
79,1232
138,1232
91,1233
94,1234
79,1238
85,1243
95,1244
96,1245
97,1247
80,1248
73,1249
75,1249
85,1250
86,1250
79,1251
85,1251
85,1252
95,1252
96,1252
73,1253
85,1254
95,1255
90,1257
100,1257
101,1257
108,1258
73,1260
74,1260
75,1260
76,1260
86,1260
12,1261
85,1262
75,1265
80,1265
81,1265
82,1265
86,1265
90,1265
100,1265
101,1265
108,1265
109,1265
110,1265
111,1265
126,1265
128,1265
139,1265
75,1271
80,1271
81,1271
82,1271
86,1271
90,1271
100,1271
101,1271
108,1271
109,1271
110,1271
111,1271
126,1271
128,1271
139,1271
80,1272
93,1272
94,1272
95,1272
109,1272
110,1272
113,1272
73,1273
74,1273
75,1273
76,1273
86,1273
85,1274
12,1275
85,1278
79,1279
79,1280
117,1286
79,1291
2,1292
7,1292
12,1295
85,1295
86,1295
12,1312
79,1313
85,1314
88,1315
7,1317
2,1318
79,1318
80,1318
81,1318
83,1318
84,1318
88,1318
91,1318
95,1318
96,1318
98,1318
99,1318
100,1318
101,1318
107,1318
108,1318
110,1318
111,1318
137,1318
138,1318
73,1319
74,1319
75,1319
76,1319
86,1320
85,1321
12,1322
101,1323
79,1324
12,1325
79,1326
8,1337
117,1337
118,1337
8,1338
117,1338
118,1338
79,1341
7,1347
8,1347
12,1347
73,1347
74,1347
75,1347
76,1347
77,1347
79,1347
80,1347
82,1347
83,1347
84,1347
85,1347
86,1347
109,1347
117,1347
119,1347
125,1348
85,1362
86,1363
91,1364
79,1377
100,1404
101,1405
79,1409
83,1410
94,1422
95,1423
12,1424
79,1425
85,1426
12,1428
85,1429
86,1430
101,1431
91,1432
82,1433
12,1435
85,1436
79,1437
12,1438
85,1439
79,1440
12,1441
85,1442
79,1443
12,1444
85,1445
79,1446
73,1470
75,1475
79,1476
85,1477
86,1477
94,1478
96,1479
1,1480
2,1480
3,1480
5,1480
6,1480
9,1480
10,1480
12,1480
24,1480
117,1480
119,1480
4,1481
8,1481
9,1481
10,1481
12,1481
119,1481
4,1482
7,1482
8,1482
9,1482
101,1484
85,1504
12,1505
79,1507
85,1509
91,1510
136,1511
83,1519
91,1521
79,1522
73,1524
85,1525
79,1526
91,1527
86,1528
85,1538
86,1538
80,1539
137,1539
80,1540
94,1541
114,1542
86,1543
79,1551
84,1555
83,1556
85,1557
12,1564
79,1565
92,1568
101,1569
2,1570
2,1571
3,1572
5,1572
7,1572
3,1573
5,1573
7,1573
8,1574
117,1574
8,1575
117,1575
79,1576
85,1577
2,1578
2,1579
3,1580
7,1580
3,1581
7,1581
8,1582
117,1582
8,1583
117,1583
79,1585
100,1586
12,1587
85,1587
101,1600
86,1602
91,1604
86,1606
85,1607
12,1608
73,1609
91,1610
73,1611
91,1612
83,1613
85,1614
85,1615
75,1616
73,1617
74,1617
83,1619
91,1621
83,1622
83,1623
91,1624
12,1637
79,1638
85,1640
80,1641
81,1641
85,1642
73,1643
7,1651
8,1651
117,1651
8,1652
2,1653
2,1654
2,1655
7,1658
2,1659
3,1659
7,1659
7,1662
73,1664
85,1665
86,1665
9,1679
7,1680
79,1683
138,1684
83,1685
138,1689
83,1690
79,1691
138,1692
84,1693
79,1696
138,1697
84,1698
120,1699
80,1700
137,1701
82,1702
100,1703
101,1704
99,1705
7,1723
2,1724
8,1725
12,1726
110,1734
110,1735
80,1736
75,1737
94,1738
95,1738
80,1740
137,1741
82,1742
204,1742
100,1743
101,1743
96,1745
99,1746
111,1747
2,1749
7,1749
12,1749
73,1749
74,1749
75,1749
78,1749
79,1749
80,1749
85,1749
86,1749
94,1749
95,1749
96,1749
110,1749
111,1749
4,1750
5,1750
7,1750
8,1750
9,1750
13,1750
18,1750
19,1750
20,1750
117,1750
118,1750
121,1750
96,1755
113,1757
7,1758
7,1759
7,1760
7,1761
9,1762
7,1763
7,1766
8,1766
118,1766
82,1767
88,1767
90,1767
100,1767
101,1767
107,1767
110,1767
111,1767
129,1767
8,1768
117,1768
117,1769
2,1774
7,1774
12,1774
118,1774
2,1781
3,1781
7,1781
118,1781
1,1782
2,1782
3,1782
7,1782
8,1782
9,1782
12,1782
23,1782
109,1782
117,1782
118,1782
9,1784
14,1784
18,1784
121,1784
1,1785
2,1785
3,1785
5,1785
6,1785
7,1785
8,1785
9,1785
10,1785
13,1785
14,1785
15,1785
18,1785
113,1785
117,1785
124,1785
109,1786
2,1787
3,1787
5,1787
6,1787
7,1787
8,1787
9,1787
10,1787
14,1787
15,1787
18,1787
113,1787
117,1787
124,1787
125,1787
4,1806
12,1806
85,1806
93,1806
94,1806
95,1806
96,1806
97,1806
11,1807
117,1807
4,1808
7,1808
8,1808
9,1808
117,1808
101,1813
110,1814
5,1817
7,1817
1,1818
2,1818
3,1818
7,1818
8,1818
9,1818
10,1818
19,1818
20,1818
21,1818
24,1818
117,1818
95,1819
94,1820
99,1821
135,1821
86,1822
2,1823
3,1823
6,1823
7,1823
8,1823
118,1823
2,1832
3,1832
7,1832
8,1832
12,1832
117,1832
2,1833
12,1833
7,1834
3,1835
8,1835
76,1836
91,1837
85,1838
100,1839
79,1840
136,1841
7,1842
9,1842
13,1843
14,1843
18,1843
121,1843
12,1845
2,1846
7,1846
7,1849
7,1850
7,1851
7,1852
7,1853
7,1854
117,1855
8,1856
118,1858
121,1859
85,1880
79,1881
2,1890
3,1890
5,1890
6,1890
7,1890
5,1891
7,1891
9,1891
13,1892
14,1892
18,1892
121,1892
7,1893
8,1893
7,1894
9,1895
18,1895
118,1895
121,1895
125,1895
136,1899
114,1900
94,1901
7,1903
7,1904
7,1909
7,1910
7,1911
7,1912
7,1913
2,1915
3,1915
6,1915
83,1917
85,1917
86,1917
93,1917
94,1917
95,1917
96,1917
97,1917
99,1917
109,1917
96,1923
7,1925
7,1926
7,1927
83,1928
84,1929
7,1930
79,1931
85,1931
86,1931
94,1931
95,1931
2,1932
3,1932
7,1932
12,1932
3,1933
7,1933
12,1934
7,1935
12,1935
2,1936
2,1937
3,1937
4,1937
7,1937
12,1937
119,1937
7,1938
7,1939
75,1948
80,1948
90,1948
101,1948
125,1948
137,1948
7,1949
7,1950
7,1951
79,1952
83,1953
84,1954
94,1955
95,1955
109,1955
75,1956
80,1957
137,1957
2,1958
12,1959
7,1970
7,1971
7,1972
2,1973
3,1973
5,1973
6,1973
7,1973
24,1973
7,1974
7,1975
7,1976
7,1977
7,1978
7,1979
7,1981
7,1985
4,1989
5,1989
7,1989
4,1990
5,1990
7,1990
7,2003
7,2004
7,2005
7,2006
2,2007
2,2008
2,2009
109,2010
85,2011
79,2012
12,2013
118,2013
7,2014
2,2015
2,2016
7,2016
4,2017
5,2017
7,2017
8,2017
9,2017
10,2017
13,2017
18,2017
19,2017
20,2017
21,2017
117,2017
121,2017
7,2018
7,2019
7,2020
7,2021
7,2022
79,2023
80,2023
83,2023
84,2023
85,2023
94,2023
95,2023
114,2023
7,2027
7,2028
2,2029
7,2031
7,2032
7,2035
7,2037
9,2041
9,2042
83,2042
84,2042
117,2043
117,2044
2,2045
3,2045
2,2046
3,2046
12,2047
2,2049
2,2050
12,2051
12,2052
80,2053
81,2053
83,2054
84,2055
126,2056
91,2057
79,2058
7,2059
7,2060
2,2061
2,2062
7,2063
7,2064
4,2065
5,2065
7,2065
8,2065
9,2065
18,2065
117,2065
118,2065
124,2065
12,2066
79,2067
85,2068
2,2071
3,2071
7,2071
8,2071
117,2071
2,2072
79,2072
80,2072
85,2072
86,2072
93,2072
94,2072
95,2072
96,2072
97,2072
108,2072
109,2072
111,2072
137,2072
2,2073
79,2073
80,2073
84,2073
85,2073
86,2073
93,2073
94,2073
95,2073
96,2073
97,2073
108,2073
109,2073
110,2073
111,2073
137,2073
2,2074
4,2074
5,2074
9,2074
12,2074
79,2074
82,2074
83,2074
84,2074
85,2074
86,2074
90,2074
93,2074
94,2074
95,2074
96,2074
97,2074
98,2074
99,2074
107,2074
108,2074
109,2074
2,2075
4,2075
5,2075
9,2075
12,2075
79,2075
82,2075
83,2075
84,2075
85,2075
86,2075
90,2075
93,2075
94,2075
95,2075
96,2075
97,2075
98,2075
99,2075
107,2075
108,2075
109,2075
110,2075
113,2075
2,2076
3,2076
4,2076
5,2076
6,2076
7,2076
12,2076
14,2076
117,2076
124,2076
134,2076
207,2076
85,2083
86,2083
136,2085
7,2086
1,2087
2,2087
3,2087
7,2087
8,2087
12,2087
15,2087
79,2087
85,2087
111,2087
117,2087
124,2087
138,2087
1,2088
3,2088
12,2088
85,2088
111,2088
138,2088
8,2089
117,2089
24,2090
15,2091
124,2091
2,2092
7,2093
8,2093
117,2093
9,2094
14,2094
18,2094
121,2094
7,2095
8,2095
9,2095
117,2095
118,2095
79,2097
12,2098
79,2099
85,2100
91,2102
95,2104
85,2105
7,2106
8,2106
9,2106
117,2106
118,2106
7,2107
8,2107
9,2107
117,2107
118,2107
109,2108
113,2108
109,2109
113,2109
7,2110
8,2110
9,2110
117,2110
118,2110
7,2111
8,2111
9,2111
117,2111
118,2111
7,2112
8,2112
9,2112
117,2112
118,2112
7,2113
8,2113
9,2113
117,2113
118,2113
7,2114
109,2122
113,2122
75,2124
80,2124
81,2124
82,2124
85,2124
86,2124
94,2124
100,2124
101,2124
107,2124
110,2124
111,2124
137,2124
7,2131
7,2132
7,2134
7,2135
75,2136
80,2137
85,2138
86,2138
80,2141
91,2141
93,2141
94,2141
95,2141
96,2141
109,2141
94,2142
95,2142
96,2142
97,2142
109,2143
7,2144
79,2152
85,2153
86,2154
109,2155
138,2157
79,2158
83,2159
91,2161
109,2162
110,2162
7,2168
7,2169
7,2170
5,2172
7,2172
8,2172
10,2172
117,2172
2,2174
7,2174
2,2176
9,2177
5,2179
7,2179
8,2179
9,2179
10,2179
18,2179
80,2180
86,2182
79,2183
85,2184
136,2185
7,2186
91,2187
12,2188
80,2189
111,2189
137,2189
79,2190
83,2191
120,2198
84,2199
86,2200
91,2201
74,2202
76,2203
86,2204
79,2205
85,2205
80,2206
137,2206
96,2208
95,2209
94,2212
12,2214
93,2215
94,2215
95,2215
109,2215
110,2215
113,2215
7,2216
73,2216
74,2216
75,2216
79,2216
85,2216
86,2216
93,2216
94,2216
95,2216
96,2216
101,2216
109,2216
110,2216
113,2216
125,2216
12,2217
85,2217
86,2217
136,2218
95,2219
94,2220
85,2224
86,2224
94,2224
95,2224
96,2224
97,2224
111,2224
95,2228
85,2229
86,2230
94,2231
95,2232
96,2233
86,2234
94,2235
96,2235
97,2235
95,2236
97,2237
95,2238
96,2238
110,2238
75,2243
80,2243
81,2243
82,2243
90,2243
100,2243
101,2243
110,2243
111,2243
120,2243
135,2243
137,2243
139,2243
7,2251
7,2252
80,2253
85,2253
86,2253
99,2253
109,2253
110,2253
111,2253
137,2253
7,2254
80,2254
85,2254
86,2254
99,2254
109,2254
110,2254
111,2254
137,2254
83,2260
84,2261
91,2262
79,2263
95,2264
79,2265
95,2266
89,2267
120,2268
91,2269
138,2270
7,2271
79,2278
83,2279
91,2280
138,2281
79,2282
79,2283
85,2284
86,2285
86,2286
80,2287
81,2288
110,2289
12,2293
85,2293
79,2294
110,2295
80,2296
85,2296
86,2296
88,2296
94,2296
96,2296
109,2296
136,2296
7,2297
7,2298
7,2304
85,2305
85,2306
120,2307
1,2313
2,2313
3,2313
7,2313
8,2313
23,2313
24,2313
117,2313
1,2314
2,2314
3,2314
5,2314
6,2314
7,2314
8,2314
23,2314
24,2314
117,2314
8,2315
9,2315
18,2315
1,2316
2,2316
3,2316
5,2316
6,2316
7,2316
8,2316
23,2316
24,2316
117,2316
8,2317
9,2317
18,2317
79,2318
75,2319
76,2320
73,2321
91,2322
85,2325
12,2327
79,2328
94,2329
95,2330
85,2331
80,2336
92,2337
80,2339
81,2339
137,2339
110,2340
7,2341
2,2347
79,2347
85,2349
2,2350
2,2351
2,2355
73,2355
74,2355
75,2355
76,2355
77,2355
79,2355
80,2355
91,2355
96,2355
97,2355
99,2355
128,2355
138,2355
14,2357
15,2357
7,2358
8,2358
117,2358
2,2359
7,2361
8,2361
9,2361
18,2361
121,2361
7,2362
8,2362
9,2362
18,2362
7,2363
8,2363
117,2363
2,2365
7,2366
8,2366
9,2366
18,2366
121,2366
7,2367
8,2367
9,2367
18,2367
121,2367
2,2368
7,2369
8,2369
9,2369
18,2369
121,2369
7,2370
8,2370
9,2370
18,2370
121,2370
82,2373
83,2373
84,2373
85,2373
86,2373
92,2373
96,2373
99,2373
100,2373
101,2373
109,2373
110,2373
111,2373
135,2373
80,2374
81,2374
137,2374
80,2376
83,2376
84,2376
85,2376
86,2376
92,2376
96,2376
99,2376
100,2376
101,2376
109,2376
110,2376
111,2376
82,2377
137,2377
7,2378
8,2378
117,2378
118,2378
86,2379
5,2381
7,2381
121,2381
8,2382
117,2382
5,2383
7,2383
8,2383
117,2383
121,2383
94,2392
95,2392
7,2393
7,2394
2,2395
3,2395
12,2396
79,2397
81,2397
91,2397
94,2397
95,2397
137,2397
2,2398
7,2398
85,2398
2,2399
2,2400
2,2401
2,2402
2,2403
85,2404
86,2405
2,2408
2,2409
2,2410
12,2411
85,2412
100,2413
79,2414
86,2415
136,2416
80,2417
81,2417
82,2417
85,2417
86,2417
96,2417
100,2417
101,2417
107,2417
109,2417
110,2417
111,2417
81,2418
82,2418
85,2418
86,2418
96,2418
100,2418
101,2418
107,2418
109,2418
110,2418
2,2429
4,2430
5,2430
7,2430
8,2430
9,2430
10,2430
14,2430
19,2430
20,2430
117,2430
79,2431
86,2432
94,2433
80,2434
95,2435
79,2436
86,2437
94,2438
95,2439
80,2440
78,2446
79,2446
85,2446
86,2446
94,2446
95,2446
96,2446
109,2446
111,2446
136,2446
2,2447
24,2447
2,2448
7,2449
2,2451
7,2452
7,2453
8,2454
117,2454
118,2455
109,2456
110,2456
2,2457
4,2458
5,2458
7,2458
8,2458
10,2458
15,2458
18,2458
117,2458
121,2458
124,2458
4,2459
5,2459
7,2459
8,2459
10,2459
15,2459
18,2459
117,2459
121,2459
124,2459
7,2460
2,2461
7,2462
8,2462
117,2462
7,2463
8,2463
117,2463
2,2464
79,2469
8,2470
7,2471
9,2472
7,2473
5,2475
7,2475
8,2475
9,2475
10,2475
13,2475
18,2475
19,2475
20,2475
21,2475
117,2475
121,2475
7,2476
2,2477
12,2478
7,2479
2,2480
12,2481
8,2482
117,2482
2,2483
79,2485
138,2486
83,2487
84,2488
91,2489
2,2502
7,2503
12,2504
2,2505
2,2506
5,2506
12,2506
78,2506
79,2506
80,2506
81,2506
82,2506
83,2506
84,2506
85,2506
86,2506
89,2506
91,2506
93,2506
94,2506
95,2506
96,2506
98,2506
99,2506
111,2506
113,2506
120,2506
137,2506
138,2506
139,2506
85,2509
86,2509
95,2510
2,2511
12,2512
111,2520
2,2521
3,2521
4,2521
7,2521
8,2521
12,2521
110,2521
111,2521
117,2521
79,2532
75,2533
73,2534
2,2542
7,2544
7,2547
7,2548
2,2550
2,2551
2,2552
2,2553
2,2555
3,2555
6,2555
24,2557
79,2558
85,2558
95,2559
94,2561
136,2562
12,2564
79,2565
85,2566
7,2568
7,2569
7,2570
109,2573
73,2574
80,2575
91,2576
79,2577
85,2578
96,2583
80,2584
95,2585
79,2586
7,2587
7,2588
7,2589
75,2602
80,2602
81,2602
86,2602
95,2602
100,2602
101,2602
109,2602
120,2602
137,2602
139,2602
9,2603
91,2619
73,2621
75,2623
126,2625
12,2636
85,2636
94,2636
90,2637
110,2638
85,2642
91,2642
95,2642
110,2642
204,2642
80,2643
137,2643
89,2648
92,2649
95,2650
93,2663
95,2663
96,2663
97,2663
114,2663
94,2665
80,2672
81,2672
137,2672
80,2673
81,2673
137,2673
75,2681
74,2682
73,2683
110,2684
109,2695
80,2696
81,2696
137,2696
108,2713
83,2714
84,2715
83,2716
86,2716
85,2717
100,2718
83,2719
85,2720
79,2725
80,2725
83,2725
110,2725
120,2725
139,2725
2,2726
3,2726
6,2726
7,2726
8,2726
9,2726
18,2726
24,2726
117,2726
121,2726
12,2728
73,2728
74,2728
75,2728
76,2728
78,2728
79,2728
80,2728
81,2728
82,2728
83,2728
84,2728
85,2728
86,2728
88,2728
92,2728
95,2728
101,2728
110,2728
111,2728
126,2728
137,2728
138,2728
109,2733
110,2733
113,2733
110,2734
85,2740
91,2742
109,2745
109,2746
93,2751
95,2751
109,2751
80,2752
91,2752
93,2752
94,2752
95,2752
96,2752
97,2752
109,2752
93,2753
95,2753
109,2753
110,2753
80,2754
93,2758
94,2758
95,2758
9,2759
121,2759
91,2767
86,2768
76,2769
73,2770
75,2771
78,2772
95,2772
96,2773
2,2774
3,2774
5,2774
6,2774
7,2774
8,2774
9,2774
18,2774
24,2774
121,2774
80,2778
81,2779
7,2780
18,2780
118,2780
74,2782
75,2782
78,2782
80,2782
81,2782
82,2782
83,2782
84,2782
85,2782
86,2782
88,2782
89,2782
90,2782
91,2782
92,2782
101,2782
107,2782
109,2782
110,2782
111,2782
120,2782
126,2782
128,2782
129,2782
139,2782
113,2784
4,2785
5,2785
7,2785
8,2785
9,2785
10,2785
13,2785
14,2785
15,2785
18,2785
117,2785
118,2785
121,2785
124,2785
125,2785
134,2785
74,2786
78,2786
79,2786
80,2786
81,2786
82,2786
83,2786
84,2786
85,2786
86,2786
88,2786
89,2786
90,2786
91,2786
92,2786
93,2786
94,2786
95,2786
96,2786
101,2786
107,2786
108,2786
109,2786
110,2786
111,2786
120,2786
126,2786
139,2786
94,2787
95,2788
96,2790
110,2799
95,2815
85,2819
86,2819
83,2825
84,2826
94,2827
94,2828
1,2831
4,2831
5,2831
7,2831
8,2831
9,2831
14,2831
78,2831
80,2831
81,2831
82,2831
83,2831
84,2831
85,2831
86,2831
88,2831
92,2831
93,2831
94,2831
95,2831
96,2831
109,2831
117,2831
125,2831
79,2832
84,2833
94,2834
95,2834
96,2835
138,2836
79,2837
7,2838
8,2838
18,2838
117,2838
101,2839
100,2840
7,2841
7,2842
2,2843
3,2843
4,2843
5,2843
6,2843
7,2843
8,2843
9,2843
10,2843
15,2843
117,2843
124,2843
79,2844
138,2844
83,2845
84,2846
91,2847
120,2848
79,2854
109,2856
110,2856
85,2858
95,2860
86,2861
85,2875
2,2877
79,2878
12,2880
91,2881
91,2889
82,2890
95,2891
78,2892
101,2893
100,2900
101,2901
12,2923
78,2923
79,2923
83,2923
84,2923
85,2923
113,2932
95,2934
85,2935
86,2935
79,2959
12,2967
12,2969
86,2970
91,2973
95,2974
114,2974
2,2978
4,2978
5,2978
7,2978
8,2978
9,2978
12,2978
13,2978
18,2978
121,2978
12,2979
85,2979
12,2980
79,2981
79,2982
85,2983
75,2984
73,2985
2,2986
79,2987
83,2988
109,2992
86,3010
79,3011
7,3014
96,3021
95,3027
94,3028
82,3029
80,3030
81,3031
100,3032
99,3033
9,3043
9,3044
99,3046
73,3049
79,3054
7,3055
110,3056
111,3056
113,3056
91,3057
83,3059
84,3060
109,3063
101,3075
83,3077
79,3079
95,3087
79,3091
86,3092
95,3095
94,3100
95,3100
85,3101
86,3101
109,3112
80,3113
81,3113
110,3113
111,3113
139,3113
110,3114
7,3115
7,3116
12,3125
85,3125
86,3125
204,3125
95,3128
79,3136
12,3138
85,3139
83,3140
138,3141
79,3142
2,3143
79,3144
95,3145
96,3146
2,3147
95,3148
94,3149
80,3151
85,3152
86,3152
79,3153
83,3154
138,3155
138,3157
79,3158
7,3159
2,3160
82,3161
85,3162
86,3162
135,3163
85,3165
86,3165
73,3166
83,3169
86,3171
85,3172
74,3173
85,3174
86,3174
95,3175
2,3176
79,3176
96,3177
95,3178
138,3205
79,3206
83,3207
91,3209
79,3228
75,3229
73,3230
74,3231
96,3232
85,3233
78,3234
83,3235
84,3236
138,3237
95,3238
94,3239
95,3239
83,3240
84,3241
91,3242
138,3243
79,3244
85,3244
109,3247
110,3249
117,3253
8,3254
7,3255
7,3256
9,3257
79,3258
85,3259
138,3261
83,3273
84,3274
91,3275
73,3288
138,3289
79,3290
84,3291
83,3292
89,3293
120,3294
110,3295
111,3295
83,3296
95,3297
138,3298
94,3299
95,3300
9,3301
85,3302
12,3304
83,3321
73,3328
109,3330
75,3344
85,3345
91,3351
80,3361
101,3363
126,3364
110,3365
110,3366
83,3375
138,3376
79,3377
91,3378
73,3380
75,3381
94,3383
95,3383
79,3390
83,3391
84,3391
138,3391
109,3392
110,3392
91,3393
80,3407
81,3408
101,3409
12,3410
100,3411
73,3422
74,3423
86,3424
75,3425
78,3426
94,3426
95,3426
109,3445
110,3445
75,3448
80,3456
81,3457
12,3463
95,3464
83,3466
85,3467
86,3467
91,3468
80,3473
81,3473
137,3473
91,3474
85,3476
12,3477
95,3478
12,3479
79,3480
86,3481
79,3482
138,3483
109,3485
95,3486
85,3509
12,3511
88,3512
79,3514
86,3532
83,3533
79,3534
138,3535
84,3536
89,3537
73,3538
95,3539
74,3540
89,3541
4,3543
5,3543
7,3543
8,3543
9,3543
10,3543
18,3543
121,3543
12,3544
85,3544
86,3544
85,3545
75,3546
73,3547
85,3548
12,3549
75,3550
73,3551
80,3586
86,3586
99,3586
109,3586
111,3586
2,3587
83,3589
94,3601
95,3601
85,3610
14,3616
87,3616
80,3617
81,3617
137,3617
79,3621
85,3622
73,3623
74,3624
95,3625
80,3626
137,3626
86,3627
75,3628
100,3629
101,3630
79,3633
73,3634
75,3636
79,3637
7,3641
7,3650
7,3651
121,3652
83,3658
84,3659
120,3660
1,3661
2,3661
3,3661
7,3661
8,3661
12,3661
117,3661
7,3662
79,3663
80,3663
83,3663
84,3663
85,3663
86,3663
95,3663
96,3663
97,3663
95,3664
79,3665
85,3665
86,3665
96,3665
97,3665
80,3667
81,3668
80,3669
81,3669
137,3669
80,3672
81,3672
137,3672
86,3673
110,3674
83,3675
84,3676
127,3679
73,3681
75,3682
79,3684
86,3685
85,3686
76,3687
83,3688
138,3689
79,3690
79,3691
85,3692
12,3695
86,3696
85,3697
73,3698
74,3698
75,3698
76,3698
77,3698
91,3698
85,3700
12,3701
83,3702
91,3703
79,3716
85,3717
86,3717
109,3718
73,3746
74,3747
75,3748
100,3749
86,3753
12,3756
79,3759
75,3760
73,3761
100,3763
137,3764
79,3767
83,3767
85,3767
91,3767
93,3767
96,3767
97,3767
138,3767
7,3768
7,3769
7,3770
2,3771
5,3771
6,3771
24,3771
78,3772
93,3772
94,3772
95,3772
96,3772
97,3772
9,3779
85,3780
12,3781
109,3782
9,3783
79,3785
75,3791
75,3797
73,3804
79,3806
85,3807
94,3808
95,3809
96,3810
100,3823
86,3824
2,3837
80,3841
86,3842
12,3843
85,3844
129,3854
92,3855
74,3856
73,3857
80,3858
81,3858
110,3858
73,3859
138,3860
79,3861
83,3862
86,3866
85,3867
95,3868
79,3869
73,3870
101,3871
136,3871
73,3874
137,3876
75,3877
75,3879
74,3880
96,3883
77,3884
136,3885
91,3887
73,3888
79,3890
137,3891
94,3892
85,3893
108,3894
77,3898
75,3901
91,3903
95,3904
136,3905
101,3920
136,3921
126,3922
96,3926
83,3928
95,3932
79,3934
138,3935
91,3936
75,3938
73,3939
74,3940
137,3941
96,3942
95,3943
85,3944
12,3945
79,3946
75,3947
73,3948
74,3949
79,3950
85,3950
85,3951
137,3952
77,3953
86,3954
85,3955
101,3956
94,3957
75,3958
73,3959
85,3961
136,3963
12,3967
12,3972
79,3974
83,3975
86,3975
80,3976
85,3977
3,3978
114,3978
77,3980
79,3981
86,3982
85,3983
136,3985
96,3987
95,3988
101,3995
136,3995
96,3996
97,3996
74,3997
86,3997
77,3999
79,4000
73,4001
80,4002
81,4002
12,4003
85,4003
73,4027
75,4029
79,4032
83,4036
138,4037
79,4038
95,4040
114,4040
79,4050
85,4050
95,4057
114,4057
96,4058
85,4059
94,4060
85,4071
86,4071
2,4072
91,4079
94,4080
73,4084
79,4085
95,4088
91,4089
73,4091
91,4094
73,4101
75,4101
74,4102
94,4107
96,4108
75,4139
74,4140
73,4141
76,4142
80,4143
137,4143
85,4145
12,4146
95,4147
85,4148
84,4149
79,4150
95,4151
85,4152
84,4153
79,4154
7,4163
109,4164
86,4165
85,4166
82,4167
100,4168
101,4168
110,4169
75,4176
73,4177
86,4178
74,4179
79,4180
92,4183
205,4183
96,4184
81,4186
80,4187
85,4189
86,4189
135,4190
92,4191
73,4193
80,4239
81,4239
86,4239
90,4239
92,4239
100,4239
101,4239
107,4239
110,4239
111,4239
139,4239
77,4242
80,4242
81,4242
82,4242
85,4242
86,4242
90,4242
92,4242
100,4242
101,4242
107,4242
110,4242
111,4242
139,4242
110,4245
7,4247
83,4249
84,4250
91,4251
79,4252
138,4253
89,4254
137,4263
85,4264
109,4265
94,4266
73,4274
80,4275
137,4275
85,4276
95,4278
96,4279
97,4280
204,4281
136,4283
96,4285
120,4287
127,4287
138,4288
73,4290
75,4290
74,4291
86,4292
77,4293
136,4294
80,4300
81,4301
101,4302
86,4308
85,4309
12,4310
109,4317
73,4320
75,4323
82,4325
12,4326
100,4327
101,4328
126,4330
79,4343
85,4343
120,4344
110,4345
110,4346
75,4348
73,4349
74,4349
7,4356
117,4357
7,4358
7,4359
7,4360
85,4361
12,4362
86,4363
85,4365
91,4366
4,4372
7,4372
8,4372
9,4372
19,4372
20,4372
118,4372
121,4372
4,4373
7,4373
8,4373
9,4373
19,4373
20,4373
118,4373
4,4374
7,4374
8,4374
9,4374
19,4374
20,4374
118,4374
121,4374
73,4379
79,4381
85,4381
109,4383
96,4384
97,4385
95,4386
7,4387
76,4388
75,4390
83,4391
100,4391
12,4392
136,4393
78,4394
128,4395
126,4396
110,4397
110,4398
73,4404
74,4405
75,4406
86,4409
9,4410
9,4411
85,4412
94,4413
100,4414
100,4415
91,4416
79,4427
109,4428
73,4429
79,4431
96,4432
85,4433
94,4434
85,4441
94,4444
95,4444
2,4447
81,4450
100,4451
74,4452
139,4453
91,4454
84,4455
83,4456
86,4457
109,4475
91,4483
85,4484
86,4484
79,4490
84,4491
120,4492
83,4493
109,4509
96,4510
79,4511
85,4512
94,4513
86,4514
95,4515
79,4517
86,4519
94,4520
85,4521
95,4522
96,4524
136,4526
79,4528
73,4530
94,4531
85,4532
96,4533
95,4534
109,4535
1,4536
2,4536
3,4536
5,4536
6,4536
7,4536
1,4538
2,4538
3,4538
5,4538
6,4538
7,4538
111,4539
12,4542
85,4543
73,4544
79,4545
85,4546
94,4547
95,4548
73,4549
79,4550
12,4551
85,4552
109,4554
96,4555
137,4557
79,4558
86,4561
75,4562
73,4563
109,4565
109,4578
114,4579
96,4580
97,4582
85,4583
121,4584
137,4599
79,4600
91,4601
85,4602
94,4603
114,4604
111,4605
108,4606
101,4607
75,4608
79,4609
84,4610
128,4611
78,4612
95,4612
114,4612
120,4613
127,4613
139,4614
80,4615
137,4615
73,4647
75,4649
76,4650
79,4652
136,4653
86,4655
85,4656
92,4657
82,4658
7,4667
83,4668
84,4668
9,4669
85,4670
80,4671
81,4672
79,4673
120,4674
80,4689
85,4690
93,4691
91,4692
94,4693
95,4694
75,4695
97,4696
136,4697
74,4698
83,4699
80,4704
80,4705
83,4707
91,4708
79,4712
83,4713
91,4715
95,4718
138,4720
91,4724
81,4726
137,4727
127,4730
74,4731
100,4735
90,4737
15,4789
124,4789
9,4790
83,4792
84,4799
89,4800
78,4801
85,4804
83,4805
84,4806
73,4807
137,4809
95,4810
79,4811
73,4812
136,4813
109,4814
109,4815
80,4816
92,4817
110,4818
94,4819
100,4820
100,4821
91,4822
109,4823
75,4824
94,4825
96,4826
91,4827
96,4831
97,4831
83,4834
84,4835
128,4836
129,4836
82,4837
127,4847
74,4850
94,4861
95,4862
114,4862
80,4863
110,4864
109,4866
81,4868
82,4869
85,4870
12,4871
86,4872
100,4874
90,4875
139,4876
129,4879
73,4880
79,4882
126,4883
109,4884
109,4893
110,4893
84,4894
79,4895
83,4896
100,4897
78,4898
111,4899
92,4900
89,4901
83,4902
138,4903
79,4904
94,4905
95,4905
91,4909
85,4926
12,4947
75,4948
137,4949
95,4950
93,4951
94,4951
86,4954
12,4955
91,4957
83,4958
100,4959
138,4960
79,4961
75,4962
73,4964
7,4965
109,4965
113,4965
2,4967
138,4968
111,4969
86,4970
2,4971
80,4972
137,4972
79,4973
86,4974
111,4975
86,4976
110,4997
82,4999
100,5000
92,5001
137,5007
73,5013
75,5013
76,5013
110,5025
80,5028
120,5032
129,5033
82,5034
79,5037
85,5038
80,5039
81,5039
110,5039
111,5039
139,5039
97,5040
94,5042
80,5055
86,5056
85,5057
12,5058
82,5059
73,5060
75,5061
139,5062
79,5063
91,5064
126,5065
101,5066
120,5067
120,5068
127,5068
79,5069
88,5070
78,5071
114,5071
94,5072
74,5073
110,5074
110,5075
110,5076
110,5077
110,5078
110,5079
7,5085
2,5086
85,5102
109,5102
204,5103
85,5104
92,5105
90,5106
82,5107
81,5109
100,5110
101,5111
90,5112
2,5113
7,5130
2,5131
12,5132
91,5134
80,5141
78,5146
79,5146
80,5146
81,5146
82,5146
83,5146
84,5146
85,5146
86,5146
88,5146
91,5146
93,5146
94,5146
95,5146
96,5146
97,5146
111,5146
137,5146
73,5147
79,5148
84,5149
83,5150
80,5151
137,5151
136,5152
78,5153
80,5153
81,5153
88,5153
91,5153
93,5153
95,5153
96,5153
97,5153
110,5153
111,5153
74,5154
93,5155
94,5156
86,5157
95,5158
75,5159
95,5160
114,5160
96,5161
85,5162
80,5167
100,5168
12,5169
92,5175
80,5178
137,5179
7,5181
7,5182
7,5183
83,5200
91,5201
93,5202
95,5204
84,5206
79,5207
83,5207
84,5207
85,5207
86,5207
94,5207
81,5210
80,5211
93,5213
95,5214
230,5214
79,5215
110,5219
12,5220
101,5221
204,5222
86,5223
204,5223
101,5229
135,5230
110,5231
110,5232
7,5233
95,5241
91,5243
79,5245
136,5246
91,5249
80,5251
91,5254
7,5268
7,5270
96,5271
95,5272
2,5278
136,5288
86,5313
85,5315
96,5316
95,5317
114,5317
75,5322
73,5323
74,5324
136,5325
79,5326
91,5327
85,5329
12,5330
75,5333
80,5334
109,5340
84,5358
91,5359
7,5360
83,5362
79,5363
91,5364
109,5365
80,5366
110,5368
95,5400
114,5400
79,5401
85,5403
85,5408
80,5409
81,5410
12,5424
85,5425
120,5464
101,5465
126,5466
92,5467
137,5515
81,5516
83,5517
84,5517
79,5518
94,5519
114,5520
101,5527
92,5529
83,5534
84,5534
76,5535
83,5536
85,5537
79,5538
136,5539
75,5540
91,5541
2,5542
84,5545
91,5550
109,5560
12,5561
12,5562
85,5563
86,5564
91,5565
78,5566
83,5567
126,5568
101,5569
100,5570
120,5571
110,5572
75,5573
139,5574
137,5575
80,5576
138,5577
100,5578
94,5579
114,5580
80,5581
81,5582
137,5583
136,5584
114,5585
85,5588
136,5589
73,5590
79,5593
85,5593
75,5594
86,5595
83,5596
86,5602
86,5603
83,5605
84,5610
138,5613
101,5614
83,5622
12,5624
9,5625
9,5626
9,5627
85,5628
85,5629
85,5630
85,5631
9,5632
2,5635
3,5635
76,5664
136,5665
79,5668
84,5675
79,5676
204,5676
12,5677
85,5678
79,5683
12,5684
85,5685
12,5686
85,5687
86,5688
82,5690
101,5691
80,5694
137,5695
204,5698
230,5700
110,5701
79,5703
91,5706
79,5707
136,5708
86,5709
79,5712
85,5712
91,5715
79,5723
95,5728
85,5730
79,5731
91,5732
137,5733
79,5735
8,5736
117,5736
86,5740
85,5741
12,5742
94,5743
95,5744
91,5749
94,5752
85,5753
94,5753
96,5753
97,5753
79,5768
83,5769
91,5770
84,5771
91,5772
83,5773
120,5774
85,5776
79,5777
75,5778
91,5779
2,5780
79,5781
80,5783
137,5783
79,5784
91,5787
76,5789
85,5795
79,5796
95,5797
114,5797
79,5798
79,5821
114,5823
77,5824
79,5825
136,5826
79,5828
101,5829
81,5830
86,5835
204,5836
109,5837
86,5838
205,5839
79,5840
114,5841
204,5842
79,5843
95,5844
95,5845
136,5846
80,5847
2,5848
86,5849
2,5850
95,5851
96,5852
93,5853
86,5855
91,5856
79,5857
91,5861
79,5862
81,5863
80,5864
137,5864
79,5865
75,5866
12,5868
85,5868
86,5868
204,5868
85,5869
86,5870
79,5871
79,5872
86,5873
85,5874
75,5875
73,5876
76,5877
136,5878
79,5879
91,5880
94,5883
91,5884
73,5885
86,5886
85,5887
136,5888
86,5889
204,5891
99,5893
96,5895
80,5898
137,5898
80,5899
91,5915
79,5921
85,5921
85,5922
79,5923
85,5923
12,5924
79,5933
85,5933
204,5934
109,5935
76,5936
136,5939
86,5940
109,5941
100,5943
100,5944
79,5949
79,5961
96,5970
94,5971
135,5972
2,5973
24,5973
95,5974
101,5975
82,5978
95,5982
99,5983
83,5985
94,5986
109,5997
91,5998
91,5999
136,6019
139,6020
91,6021
101,6022
73,6023
79,6024
95,6025
96,6026
127,6027
91,6028
85,6029
96,6032
83,6034
84,6035
79,6037
138,6038
76,6039
85,6040
91,6041
12,6042
73,6043
74,6044
75,6045
79,6046
85,6047
111,6048
80,6049
137,6049
85,6050
86,6051
94,6052
114,6053
136,6054
85,6056
86,6057
91,6058
95,6059
114,6059
138,6061
138,6062
83,6064
73,6065
79,6066
96,6067
114,6068
111,6069
111,6070
2,6072
94,6080
91,6081
80,6082
137,6083
128,6084
91,6085
77,6086
90,6088
91,6089
91,6090
77,6091
96,6092
204,6093
91,6094
81,6101
85,6102
79,6103
82,6104
91,6105
75,6106
110,6107
85,6108
80,6109
86,6110
91,6111
126,6112
91,6113
86,6114
85,6115
91,6116
137,6118
108,6120
110,6121
110,6125
101,6126
207,6130
207,6131
207,6137
207,6138
138,6145
78,6148
101,6149
96,6174
85,6175
110,6176
2,6177
79,6178
91,6179
91,6182
109,6183
85,6186
94,6187
95,6187
85,6188
85,6189
94,6190
95,6190
109,6191
91,6201
136,6202
126,6203
120,6204
86,6205
95,6206
76,6207
136,6208
91,6211
75,6212
81,6213
126,6214
101,6215
79,6216
91,6217
100,6218
90,6219
73,6220
12,6221
83,6222
97,6223
79,6224
94,6225
95,6225
91,6226
12,6227
79,6228
91,6229
73,6230
74,6230
76,6231
75,6232
79,6233
205,6234
201,6235
136,6236
137,6237
110,6238
94,6239
95,6240
91,6241
110,6242
7,6243
137,6248
75,6251
80,6254
93,6254
95,6254
96,6254
97,6254
78,6258
12,6259
79,6260
91,6276
95,6277
120,6278
95,6279
101,6280
110,6281
80,6282
74,6285
75,6285
120,6286
91,6287
90,6293
96,6294
12,6300
83,6301
84,6301
100,6302
90,6303
74,6304
92,6305
96,6306
110,6307
126,6308
100,6320
85,6322
12,6323
7,6345
7,6346
91,6351
73,6352
74,6353
83,6354
84,6355
91,6356
79,6357
138,6358
73,6359
74,6360
81,6366
101,6367
75,6368
139,6368
120,6369
126,6370
85,6374
12,6375
79,6376
79,6377
138,6378
12,6379
85,6379
83,6380
85,6381
79,6382
138,6382
85,6405
138,6406
74,6407
76,6407
91,6407
207,6410
91,6413
86,6414
96,6415
86,6416
80,6417
137,6417
79,6433
85,6434
12,6435
85,6436
96,6464
97,6465
114,6466
12,6467
85,6468
91,6470
138,6471
79,6472
83,6473
84,6474
96,6475
2,6476
83,6477
78,6478
95,6479
24,6480
95,6481
137,6482
83,6483
84,6484
79,6485
138,6486
86,6487
85,6488
75,6492
74,6493
76,6494
91,6495
83,6496
79,6497
138,6498
109,6499
79,6500
83,6501
84,6502
91,6503
127,6504
89,6505
137,6507
81,6508
86,6509
82,6510
100,6511
101,6512
126,6515
127,6516
85,6517
86,6517
82,6518
110,6519
138,6520
85,6526
79,6527
85,6529
79,6530
7,6532
7,6570
91,6587
83,6598
84,6599
138,6600
96,6601
138,6602
91,6603
2,6604
24,6604
2,6605
24,6605
83,6606
96,6607
101,6608
79,6614
91,6615
74,6616
100,6617
101,6618
110,6619
91,6620
91,6621
136,6623
85,6633
12,6640
85,6655
80,6656
86,6657
85,6658
12,6659
91,6660
85,6661
12,6662
109,6663
91,6664
107,6668
86,6669
85,6670
12,6671
79,6673
109,6691
73,6692
75,6693
12,6702
83,6703
91,6704
79,6705
91,6706
135,6709
2,6710
100,6725
91,6726
86,6729
137,6730
12,6731
79,6732
94,6738
73,6739
91,6740
95,6741
82,6742
136,6743
101,6744
75,6745
126,6746
96,6747
97,6747
110,6748
109,6749
91,6750
92,6751
80,6752
79,6753
96,6754
79,6756
101,6757
79,6758
83,6759
84,6759
109,6760
207,6761
136,6762
12,6763
85,6763
85,6764
12,6765
230,6767
228,6768
230,6769
230,6770
231,6770
232,6771
228,6772
230,6774
231,6774
230,6775
231,6775
231,6776
232,6777
230,6778
231,6778
230,6779
221,6780
230,6780
221,6781
224,6781
225,6781
226,6781
223,6782
7,6783
225,6784
226,6784
225,6785
226,6785
230,6786
230,6787
223,6788
221,6789
230,6792
230,6793
230,6794
230,6795
231,6795
230,6796
228,6797
230,6798
230,6799
231,6800
230,6801
230,6802
230,6803
230,6804
230,6805
230,6806
230,6807
230,6808
221,6809
225,6809
230,6810
231,6810
221,6811
225,6811
226,6811
230,6812
231,6812
221,6813
229,6813
230,6813
231,6813
221,6814
223,6815
230,6816
231,6816
221,6817
230,6818
231,6818
221,6819
225,6819
226,6819
227,6819
228,6820
229,6820
231,6821
231,6822
230,6823
221,6824
221,6825
230,6826
230,6827
231,6828
230,6829
227,6830
227,6831
225,6832
226,6832
228,6833
229,6834
221,6835
223,6835
228,6836
221,6837
225,6837
226,6837
221,6838
225,6838
226,6838
230,6839
231,6839
232,6839
230,6842
231,6842
230,6843
230,6844
230,6845
230,6846
230,6847
230,6848
231,6849
221,6850
222,6850
223,6850
225,6850
226,6850
227,6850
228,6850
229,6850
230,6850
231,6850
232,6850
230,6851
231,6851
229,6852
225,6853
226,6853
230,6854
221,6855
231,6856
221,6857
223,6857
230,6858
231,6858
230,6859
231,6859
230,6860
231,6860
221,6861
225,6861
226,6861
229,6861
221,6862
225,6862
226,6862
228,6862
229,6862
229,6863
231,6864
231,6865
221,6866
223,6867
231,6868
231,6869
231,6870
230,6871
230,6872
230,6873
230,6874
221,6875
223,6876
230,6877
231,6877
230,6878
231,6878
225,6879
226,6879
231,6880
227,6890
228,6890
229,6890
230,6890
231,6890
225,6891
226,6891
221,6892
225,6892
226,6892
230,6893
221,6894
225,6894
226,6894
222,6895
221,6896
223,6897
221,6898
223,6899
231,6900
221,6901
230,6902
223,6903
225,6904
226,6905
225,6906
226,6906
229,6906
229,6907
223,6908
221,6909
230,6910
231,6910
225,6911
226,6911
231,6912
221,6913
221,6914
230,6915
230,6916
230,6917
221,6918
221,6919
223,6919
230,6920
230,6921
221,6922
230,6923
231,6924
221,6925
230,6926
221,6927
223,6928
230,6929
230,6930
221,6931
230,6931
221,6932
230,6933
230,6934
230,6935
230,6936
232,6936
230,6937
230,6938
221,6939
223,6939
230,6940
230,6941
230,6942
230,6943
230,6944
230,6945
230,6946
230,6947
230,6948
231,6949
230,6950
232,6951
230,6952
230,6953
231,6953
232,6953
230,6954
230,6955
230,6956
231,6957
230,6958
230,6959
221,6960
223,6961
230,6968
230,6969
221,6970
223,6970
230,6971
232,6972
230,6973
231,6974
230,6975
230,6976
230,6977
230,6978
230,6979
231,6980
230,6981
230,6982
228,6983
230,6984
230,6985
227,6987
227,6988
227,6989
230,6990
231,6990
230,6991
231,6992
230,6993
231,6993
230,6994
230,6995
230,6996
230,6997
230,6998
230,6999
230,7000
230,7001
230,7002
230,7003
231,7003
230,7004
230,7005
221,7006
223,7006
230,7007
230,7008
230,7009
230,7010
223,7011
223,7012
230,7013
230,7014
230,7015
230,7016
231,7016
230,7017
231,7018
230,7019
231,7020
230,7021
230,7022
230,7023
230,7024
231,7025
230,7026
230,7027
230,7028
225,7034
230,7035
231,7035
230,7036
221,7037
230,7038
230,7039
230,7040
230,7041
230,7042
231,7043
79,7044
83,7044
84,7044
85,7044
91,7044
138,7044
76,7045
91,7046
230,7048
100,7049
101,7050
91,7051
91,7052
79,7053
79,7054
95,7055
97,7056
73,7057
75,7058
85,7059
2,7060
3,7060
7,7061
79,7062
96,7063
114,7064
110,7065
100,7066
127,7067
139,7068
74,7069
136,7070
201,7071
80,7072
91,7073
108,7074
95,7076
127,7077
78,7078
7,7079
79,7079
7,7080
79,7080
91,7081
230,7082
109,7083
230,7084
91,7085
95,7086
94,7087
136,7088
76,7089
73,7090
95,7091
91,7092
2,7093
7,7094
223,7095
95,7096
85,7097
86,7098
204,7098
80,7099
137,7099
7,7100
75,7101
74,7102
79,7102
84,7102
85,7102
93,7102
94,7102
96,7102
111,7102
75,7103
120,7103
7,7104
8,7104
75,7105
7,7106
8,7106
85,7107
86,7108
86,7109
94,7110
94,7111
109,7112
113,7112
2,7113
79,7113
138,7114
120,7115
82,7116
137,7116
75,7117
81,7117
101,7117
80,7118
137,7118
204,7119
75,7120
139,7120
99,7121
135,7121
110,7122
111,7122
91,7123
7,7124
7,7125
221,7126
223,7126
204,7129
92,7130
85,7131
79,7132
85,7132
85,7133
86,7134
91,7135
230,7136
96,7137
95,7138
114,7138
85,7139
94,7140
79,7141
73,7142
120,7143
108,7144
204,7145
75,7146
73,7147
108,7148
80,7149
81,7149
137,7149
135,7150
95,7151
73,7152
77,7153
82,7154
120,7155
79,7156
138,7157
2,7158
79,7159
84,7160
120,7161
127,7161
110,7162
110,7163
110,7164
96,7165
114,7166
91,7167
138,7168
85,7169
86,7169
93,7169
95,7169
136,7169
137,7169
204,7169
91,7170
86,7171
230,7172
109,7173
91,7174
85,7175
101,7176
79,7177
95,7178
73,7179
79,7180
85,7180
230,7181
96,7182
73,7183
12,7184
85,7185
79,7186
94,7187
96,7188
109,7189
91,7190
109,7192
85,7193
95,7194
96,7194
95,7195
96,7196
94,7197
94,7198
79,7199
230,7200
80,7201
93,7201
94,7201
95,7201
96,7201
97,7201
109,7201
139,7201
204,7201
85,7202
97,7203
85,7204
95,7204
96,7204
97,7204
109,7204
91,7205
73,7206
91,7207
95,7208
230,7209
85,7210
95,7211
96,7212
139,7213
73,7214
91,7215
230,7216
79,7217
86,7218
85,7219
12,7220
77,7221
80,7222
137,7222
12,7223
73,7223
74,7223
75,7223
77,7223
79,7223
80,7223
85,7223
86,7223
137,7223
74,7224
86,7225
85,7226
80,7227
110,7227
137,7227
86,7228
85,7229
12,7230
79,7231
83,7232
12,7233
7,7234
118,7234
7,7235
7,7236
7,7237
7,7238
7,7239
7,7240
7,7241
96,7242
73,7243
75,7244
76,7245
79,7246
136,7247
91,7248
86,7249
85,7250
96,7251
97,7251
81,7252
85,7253
86,7253
230,7254
96,7256
79,7257
138,7257
2,7258
83,7259
93,7260
94,7260
95,7260
111,7260
79,7261
83,7261
138,7261
79,7262
138,7262
137,7263
91,7264
80,7265
137,7265
91,7266
95,7267
109,7268
96,7269
110,7270
79,7271
85,7271
101,7272
79,7273
85,7274
83,7275
221,7276
230,7277
232,7278
232,7279
230,7280
231,7280
225,7281
230,7281
232,7282
94,7283
85,7284
86,7284
85,7285
94,7286
81,7287
135,7288
96,7289
100,7290
79,7291
101,7292
80,7293
81,7293
137,7293
128,7294
95,7295
77,7296
135,7297
92,7298
85,7299
86,7299
94,7300
91,7301
80,7302
137,7302
109,7303
95,7304
96,7305
96,7306
80,7307
81,7307
137,7307
79,7308
91,7309
79,7310
85,7310
96,7311
96,7312
96,7313
97,7313
230,7314
85,7315
79,7316
12,7317
138,7318
79,7319
75,7320
84,7321
83,7322
86,7323
85,7324
91,7325
95,7326
93,7327
111,7328
12,7329
73,7330
76,7330
79,7331
137,7332
86,7333
85,7334
91,7335
230,7336
91,7337
12,7338
221,7339
223,7339
137,7340
86,7341
85,7350
136,7352
230,7353
137,7354
136,7355
230,7356
138,7360
86,7361
83,7362
84,7363
91,7364
114,7365
96,7366
97,7367
73,7368
95,7369
96,7370
97,7371
76,7374
86,7375
73,7376
75,7377
7,7378
230,7379
79,7386
91,7387
110,7388
79,7389
110,7390
85,7391
120,7392
81,7393
137,7393
110,7394
110,7395
83,7396
84,7401
85,7402
96,7403
73,7404
75,7405
85,7406
91,7407
230,7408
96,7409
85,7410
91,7411
77,7412
120,7413
84,7414
77,7415
79,7416
138,7416
100,7417
101,7418
74,7419
80,7420
137,7420
85,7421
12,7422
230,7423
91,7424
91,7429
138,7430
230,7431
79,7432
73,7433
96,7434
79,7435
85,7436
12,7437
85,7438
12,7439
96,7441
96,7442
96,7443
83,7444
84,7445
91,7446
78,7447
79,7448
96,7449
136,7454
78,7455
91,7455
94,7455
137,7455
91,7456
83,7457
84,7457
86,7458
136,7459
76,7460
85,7461
79,7462
86,7463
85,7464
12,7465
79,7466
85,7467
79,7468
86,7469
95,7470
73,7471
75,7472
76,7472
77,7472
136,7473
96,7474
86,7475
12,7476
7,7477
2,7478
3,7478
5,7478
6,7478
101,7479
221,7480
12,7481
80,7482
137,7482
85,7483
86,7484
82,7485
101,7486
91,7487
79,7488
85,7488
90,7489
73,7490
127,7491
139,7492
100,7493
126,7494
79,7495
91,7496
80,7497
137,7497
108,7498
230,7499
111,7500
91,7501
79,7502
2,7503
91,7504
7,7505
7,7506
7,7507
7,7508
230,7509
95,7510
92,7514
73,7515
74,7516
91,7517
80,7520
81,7520
86,7521
101,7522
84,7523
79,7524
92,7525
78,7526
94,7527
84,7528
91,7529
79,7530
12,7531
77,7532
85,7533
86,7534
91,7535
230,7536
80,7538
81,7538
82,7539
127,7540
139,7541
207,7543
7,7544
207,7545
207,7546
7,7547
7,7548
7,7549
207,7550
230,7551
79,7552
83,7553
230,7554
113,7555
80,7556
137,7556
207,7557
9,7558
83,7558
84,7558
86,7559
230,7560
91,7561
94,7562
114,7563
95,7564
230,7565
12,7566
92,7567
230,7568
91,7569
94,7570
221,7571
230,7572
85,7573
2,7574
3,7574
136,7575
91,7576
85,7577
96,7578
85,7579
92,7580
120,7581
85,7582
85,7583
73,7584
7,7585
11,7586
2,7587
7,7587
207,7588
110,7589
7,7591
7,7592
91,7593
79,7594
80,7595
91,7596
85,7597
231,7598
7,7599
11,7600
114,7601
86,7602
85,7603
204,7604
223,7605
221,7606
230,7607
230,7608
79,7610
230,7611
7,7612
85,7613
101,7615
85,7616
221,7617
230,7618
221,7619
230,7620
83,7621
84,7622
2,7623
231,7624
79,7625
85,7625
79,7626
85,7626
221,7627
223,7628
7,7629
86,7630
85,7631
83,7632
78,7633
95,7633
114,7633
91,7634
79,7635
96,7636
230,7637
231,7638
223,7639
221,7640
73,7643
75,7644
85,7645
83,7646
86,7647
91,7648
114,7649
78,7650
74,7651
7,7652
7,7653
